Customer_Id,Product_Id,Fixed_Unit_Price,Month_Quantity,Qty_MA3,Last_Qty,Anchor_Month,Predict_Month,upsell_score,upsell_pred,pred_next_qty,pred_revenue
1005,1014,2440.0,10,10.0,10.0,2025-06-01,2025-07-01,0.09833333333333333,0,10.0,24400.0
1005,1020,2440.0,30,30.0,30.0,2025-06-01,2025-07-01,0.16,0,30.0,73200.0
1005,1028,2496.0,20,20.0,20.0,2025-06-01,2025-07-01,0.2760180438585785,0,20.0,49920.0
1005,1115,2000.0,20,20.0,20.0,2025-06-01,2025-07-01,0.23601804385857847,0,20.0,40000.0
1005,1189,2480.0,20,20.0,20.0,2025-06-01,2025-07-01,0.2760180438585785,0,20.0,49600.0
1005,1283,2880.0,10,10.0,10.0,2025-06-01,2025-07-01,0.08166666666666667,0,10.0,28800.0
1005,1701,3040.0,10,10.0,10.0,2025-06-01,2025-07-01,0.07166666666666667,0,10.0,30400.0
102,1561,5075.84,1,8.0,3.0,2025-06-01,2025-07-01,0.23166666666666666,0,8.0,40606.72
102,1592,1584.0,1,6.0,5.0,2025-06-01,2025-07-01,0.3210936685212872,1,7.0,11088.0
102,1924,4640.0,1,6.0,7.0,2025-06-01,2025-07-01,0.2337919508511503,0,7.0,32480.0
102,2291,4400.0,3,6.333333333333333,3.0,2025-06-01,2025-07-01,0.31377421954362283,1,8.0,35200.0
103,2410,46800.0,10,8.333333333333334,12.0,2025-06-01,2025-07-01,0.2783333333333333,0,12.0,561600.0
103,5264,12.0,200,75.0,100.0,2025-06-01,2025-07-01,0.4078545121340248,1,110.0,1320.0
103,5359,115.0,3,8.0,15.0,2025-06-01,2025-07-01,0.4302932644972636,1,17.0,1955.0
1030,1219,3248.8,1,0.0,0.0,2025-06-01,2025-07-01,0.6219376970454962,1,1.0,3248.8
1030,1639,20718.75,2,3.0,3.0,2025-06-01,2025-07-01,0.21666666666666667,0,3.0,62156.25
1043,1481,6868.0,12,0.0,0.0,2025-06-01,2025-07-01,0.6948051066989721,1,1.0,6868.0
1043,1504,8112.0,6,0.0,0.0,2025-06-01,2025-07-01,0.6948051066989721,1,1.0,8112.0
1043,1506,155.0,12,2.0,2.0,2025-06-01,2025-07-01,0.546613235854918,1,3.0,465.0
1043,3106,63184.0,4,0.0,0.0,2025-06-01,2025-07-01,0.6948051066989721,1,1.0,63184.0
1043,4210,25800.0,6,0.0,0.0,2025-06-01,2025-07-01,0.6948051066989721,1,1.0,25800.0
1043,5426,280.0,5,1.0,1.0,2025-06-01,2025-07-01,0.655031375675294,1,2.0,560.0
1043,5427,260.0,9,1.0,1.0,2025-06-01,2025-07-01,0.655031375675294,1,2.0,520.0
1043,5428,280.0,9,1.0,1.0,2025-06-01,2025-07-01,0.655031375675294,1,2.0,560.0
1043,5517,1880.0,4,0.0,0.0,2025-06-01,2025-07-01,0.6948051066989721,1,1.0,1880.0
1058,1656,2703.2,4,0.0,0.0,2025-06-01,2025-07-01,0.6705620541023112,1,1.0,2703.2
1061,1236,2720.0,5,7.5,5.0,2025-06-01,2025-07-01,0.365,1,9.0,24480.0
1061,5320,12058.0,10,5.0,5.0,2025-06-01,2025-07-01,0.285,0,5.0,60290.0
1065,1105,3465.0,10,28.33333333333333,60.0,2025-06-01,2025-07-01,0.2783333333333333,0,60.0,207900.0
1065,1250,2540.0,15,6.666666666666667,10.0,2025-06-01,2025-07-01,0.495,1,11.0,27940.0
1065,1387,741.0,90,50.0,50.0,2025-06-01,2025-07-01,0.295,1,55.0,40755.0
1065,1703,1792.0,40,5.0,5.0,2025-06-01,2025-07-01,0.395,1,6.0,10752.0
1065,2343,741.0,50,0.0,0.0,2025-06-01,2025-07-01,0.5391028874699973,1,1.0,741.0
1065,3262,19.38,25,0.0,0.0,2025-06-01,2025-07-01,0.5391028874699973,1,1.0,19.38
1065,3380,1484.8,55,20.0,10.0,2025-06-01,2025-07-01,0.3883333333333333,1,22.0,32665.6
1065,3381,1484.8,80,28.33333333333333,45.0,2025-06-01,2025-07-01,0.42833333333333334,1,50.0,74240.0
1065,3382,1484.8,68,36.66666666666666,45.0,2025-06-01,2025-07-01,0.43833333333333335,1,50.0,74240.0
1065,3383,1484.8,35,88.33333333333333,75.0,2025-06-01,2025-07-01,0.19166666666666668,0,89.0,132147.19999999998
1065,3385,1484.8,70,41.66666666666666,60.0,2025-06-01,2025-07-01,0.37666666666666665,1,66.0,97996.8
1065,3403,1483.2,30,15.0,15.0,2025-06-01,2025-07-01,0.2552127145664146,0,15.0,22248.0
1065,3407,1483.2,12,17.5,20.0,2025-06-01,2025-07-01,0.38166666666666665,1,22.0,32630.4
1065,3418,2696.0,40,8.333333333333334,10.0,2025-06-01,2025-07-01,0.6316666666666667,1,11.0,29656.0
1065,4252,1500.0,10,17.0,10.0,2025-06-01,2025-07-01,0.3693513771919118,1,19.0,28500.0
1065,4254,2129.6,59,50.0,100.0,2025-06-01,2025-07-01,0.335,1,110.0,234256.0
1065,4262,1500.0,8,8.333333333333334,5.0,2025-06-01,2025-07-01,0.29833333333333334,1,10.0,15000.0
1065,4263,1676.0,156,23.0,5.0,2025-06-01,2025-07-01,0.30833333333333335,1,26.0,43576.0
1065,4268,21.37,6,2.5,3.0,2025-06-01,2025-07-01,0.3923269073879317,1,4.0,85.48
1065,4272,3104.8,28,11.333333333333334,25.0,2025-06-01,2025-07-01,0.30666666666666664,1,28.0,86934.40000000001
1065,4278,2723.2,74,25.666666666666668,17.0,2025-06-01,2025-07-01,0.3283333333333333,1,29.0,78972.79999999999
1065,4283,3892.0,3,8.0,10.0,2025-06-01,2025-07-01,0.44166666666666665,1,11.0,42812.0
1083,1266,6960.0,15,0.0,0.0,2025-06-01,2025-07-01,0.6022287207689778,1,1.0,6960.0
1083,1973,6560.0,15,0.0,0.0,2025-06-01,2025-07-01,0.6022287207689778,1,1.0,6560.0
109,1043,24692.5,3,0.0,0.0,2025-06-01,2025-07-01,0.6643992339924094,1,1.0,24692.5
109,4390,96.0,5,0.0,0.0,2025-06-01,2025-07-01,0.6643992339924094,1,1.0,96.0
109,5502,32.0,10,0.0,0.0,2025-06-01,2025-07-01,0.6643992339924094,1,1.0,32.0
109,5504,248.0,3,0.0,0.0,2025-06-01,2025-07-01,0.6643992339924094,1,1.0,248.0
1127,1759,29250.0,4,0.0,0.0,2025-06-01,2025-07-01,0.6005620541023111,1,1.0,29250.0
1127,1933,6316.0,3,0.0,0.0,2025-06-01,2025-07-01,0.6005620541023111,1,1.0,6316.0
1127,1941,8600.0,3,0.0,0.0,2025-06-01,2025-07-01,0.6005620541023111,1,1.0,8600.0
1129,1526,40162.5,9,1.0,1.0,2025-06-01,2025-07-01,0.425,1,2.0,80325.0
113,1006,2516.0,2,3.5,1.0,2025-06-01,2025-07-01,0.3613747115701571,1,5.0,12580.0
113,1010,736.0,200,213.33333333333331,400.0,2025-06-01,2025-07-01,0.215,0,400.0,294400.0
113,1044,1384.0,8,13.333333333333334,16.0,2025-06-01,2025-07-01,0.5233333333333333,1,18.0,24912.0
113,1106,1792.0,11,6.666666666666667,16.0,2025-06-01,2025-07-01,0.34833333333333333,1,18.0,32256.0
113,1126,21755.0,9,5.0,6.0,2025-06-01,2025-07-01,0.29,1,7.0,152285.0
113,1167,1384.0,10,26.666666666666668,30.0,2025-06-01,2025-07-01,0.36666666666666664,1,33.0,45672.0
113,1177,3465.0,35,11.666666666666666,15.0,2025-06-01,2025-07-01,0.38333333333333336,1,17.0,58905.0
113,1236,2720.0,9,15.0,15.0,2025-06-01,2025-07-01,0.36,1,17.0,46240.0
113,1266,6960.0,4,5.333333333333333,8.0,2025-06-01,2025-07-01,0.32166666666666666,1,9.0,62640.0
113,1302,741.0,5,5.0,1.0,2025-06-01,2025-07-01,0.2686215872797933,0,5.0,3705.0
113,1305,6104.0,11,3.333333333333333,4.0,2025-06-01,2025-07-01,0.6216666666666667,1,5.0,30520.0
113,1306,6376.0,2,3.0,2.0,2025-06-01,2025-07-01,0.6383333333333333,1,4.0,25504.0
113,1397,4268.0,13,0.0,0.0,2025-06-01,2025-07-01,0.6665279672966158,1,1.0,4268.0
113,1399,2629.0,4,8.333333333333334,13.0,2025-06-01,2025-07-01,0.385,1,15.0,39435.0
113,1532,3780.0,2,6.333333333333333,6.0,2025-06-01,2025-07-01,0.4127494231403142,1,8.0,30240.0
113,1744,1175.0,118,48.0,36.0,2025-06-01,2025-07-01,0.465,1,53.0,62275.0
113,1745,880.0,4,1.6666666666666667,1.0,2025-06-01,2025-07-01,0.5,1,3.0,2640.0
113,1746,880.0,6,4.666666666666667,9.0,2025-06-01,2025-07-01,0.3643513771919118,1,10.0,8800.0
113,1754,1048.0,8,6.0,8.0,2025-06-01,2025-07-01,0.5506232194401964,1,9.0,9432.0
113,1766,880.0,5,3.6666666666666665,3.0,2025-06-01,2025-07-01,0.4587027543838236,1,5.0,4400.0
113,1767,880.0,2,3.6666666666666665,3.0,2025-06-01,2025-07-01,0.4537027543838236,1,5.0,4400.0
113,1768,578.0,6,1.6666666666666667,2.0,2025-06-01,2025-07-01,0.5230413782368237,1,3.0,1734.0
113,1769,880.0,4,3.0,1.0,2025-06-01,2025-07-01,0.43293066868725133,1,4.0,3520.0
113,1770,880.0,4,3.333333333333333,1.0,2025-06-01,2025-07-01,0.46341079928731405,1,5.0,4400.0
113,1771,520.0,1,3.6666666666666665,5.0,2025-06-01,2025-07-01,0.3419635997317921,1,6.0,3120.0
113,1796,23091.0,10,8.0,8.0,2025-06-01,2025-07-01,0.4583333333333333,1,9.0,207819.0
113,1811,3068.0,4,0.0,0.0,2025-06-01,2025-07-01,0.6665279672966158,1,1.0,3068.0
113,1814,883.5,8,6.0,8.0,2025-06-01,2025-07-01,0.45716376067870146,1,9.0,7951.5
113,1830,680.0,5,4.333333333333333,3.0,2025-06-01,2025-07-01,0.4243513771919118,1,6.0,4080.0
113,1831,680.0,5,6.666666666666667,2.0,2025-06-01,2025-07-01,0.345,1,8.0,5440.0
113,1885,28961.0,2,5.333333333333333,4.0,2025-06-01,2025-07-01,0.3416666666666667,1,7.0,202727.0
113,1939,47640.0,2,4.0,5.0,2025-06-01,2025-07-01,0.405,1,6.0,285840.0
113,1942,680.0,2,3.333333333333333,4.0,2025-06-01,2025-07-01,0.4337027543838236,1,5.0,3400.0
113,2032,4264.0,4,2.6666666666666665,5.0,2025-06-01,2025-07-01,0.52,1,6.0,25584.0
113,2055,13918.0,5,2.6666666666666665,2.0,2025-06-01,2025-07-01,0.44666666666666666,1,4.0,55672.0
113,2056,17950.0,7,4.0,5.0,2025-06-01,2025-07-01,0.4,1,6.0,107700.0
113,2270,6391.0,4,3.333333333333333,2.0,2025-06-01,2025-07-01,0.37666666666666665,1,5.0,31955.0
113,2309,741.0,5,2.333333333333333,1.0,2025-06-01,2025-07-01,0.4071039069375105,1,4.0,2964.0
113,2343,741.0,5,2.0,1.0,2025-06-01,2025-07-01,0.5269846094845128,1,3.0,2223.0
113,2359,6404.0,3,3.333333333333333,7.0,2025-06-01,2025-07-01,0.5083333333333333,1,8.0,51232.0
113,2362,20000.0,1,0.0,0.0,2025-06-01,2025-07-01,0.6665279672966158,1,1.0,20000.0
113,2382,880.0,5,0.0,0.0,2025-06-01,2025-07-01,0.6665279672966158,1,1.0,880.0
113,2387,1260.0,5,2.333333333333333,2.0,2025-06-01,2025-07-01,0.52,1,4.0,5040.0
113,2432,49385.0,2,1.6666666666666667,2.0,2025-06-01,2025-07-01,0.3883333333333333,1,3.0,148155.0
113,2482,44000.0,3,3.6666666666666665,2.0,2025-06-01,2025-07-01,0.275,0,4.0,176000.0
113,2688,793.0,5,2.333333333333333,1.0,2025-06-01,2025-07-01,0.3693513771919118,1,4.0,3172.0
113,2855,7380.0,6,8.0,14.0,2025-06-01,2025-07-01,0.28833333333333333,1,16.0,118080.0
113,3123,8664.0,8,5.0,1.0,2025-06-01,2025-07-01,0.29833333333333334,1,6.0,51984.0
113,3306,10100.0,2,4.0,8.0,2025-06-01,2025-07-01,0.30833333333333335,1,9.0,90900.0
113,3350,7984.0,2,4.666666666666667,4.0,2025-06-01,2025-07-01,0.26,0,5.0,39920.0
113,3440,800.0,2,2.333333333333333,3.0,2025-06-01,2025-07-01,0.42106339602973364,1,4.0,3200.0
113,3441,800.0,2,4.333333333333333,6.0,2025-06-01,2025-07-01,0.26217380011090685,0,6.0,4800.0
113,3664,7577.0,2,4.0,3.0,2025-06-01,2025-07-01,0.3466666666666667,1,5.0,37885.0
113,3780,707.0,4,3.333333333333333,1.0,2025-06-01,2025-07-01,0.3769943055601044,1,5.0,3535.0
113,4326,800.0,2,3.6666666666666665,3.0,2025-06-01,2025-07-01,0.320615601560319,1,5.0,4000.0
113,4327,800.0,2,2.333333333333333,3.0,2025-06-01,2025-07-01,0.42106339602973364,1,4.0,3200.0
113,4328,800.0,2,2.333333333333333,3.0,2025-06-01,2025-07-01,0.42106339602973364,1,4.0,3200.0
113,4399,16750.5,3,2.6666666666666665,2.0,2025-06-01,2025-07-01,0.435,1,4.0,67002.0
113,5442,702.0,30,37.5,64.0,2025-06-01,2025-07-01,0.3983333333333333,1,71.0,49842.0
113,5480,650.0,4,8.0,8.0,2025-06-01,2025-07-01,0.2908537617236135,1,9.0,5850.0
113,5485,61362.0,4,16.0,16.0,2025-06-01,2025-07-01,0.2783333333333333,0,16.0,981792.0
113,5487,560.0,2,10.0,10.0,2025-06-01,2025-07-01,0.3016666666666667,1,11.0,6160.0
113,5506,53416.57,10,0.0,0.0,2025-06-01,2025-07-01,0.6665279672966158,1,1.0,53416.57
113,5507,1720.0,30,0.0,0.0,2025-06-01,2025-07-01,0.6665279672966158,1,1.0,1720.0
1132,1526,40162.5,7,59.0,59.0,2025-06-01,2025-07-01,0.39666666666666667,1,65.0,2610562.5
1132,1962,24692.5,4,0.0,0.0,2025-06-01,2025-07-01,0.5808223548972161,1,1.0,24692.5
1132,2432,49385.0,4,0.0,0.0,2025-06-01,2025-07-01,0.5808223548972161,1,1.0,49385.0
114,1129,23931.0,120,93.66666666666669,58.0,2025-06-01,2025-07-01,0.405,1,104.0,2488824.0
114,1139,18810.0,1,5.0,1.0,2025-06-01,2025-07-01,0.15,0,5.0,94050.0
114,1263,30896.0,10,10.0,10.0,2025-06-01,2025-07-01,0.44333333333333336,1,11.0,339856.0
114,1368,22819.0,8,7.666666666666667,6.0,2025-06-01,2025-07-01,0.3616666666666667,1,9.0,205371.0
114,1409,36896.0,3,1.3333333333333333,1.0,2025-06-01,2025-07-01,0.325,1,3.0,110688.0
114,1413,29102.0,2,2.0,3.0,2025-06-01,2025-07-01,0.465,1,4.0,116408.0
114,1756,20773.0,4,5.666666666666667,2.0,2025-06-01,2025-07-01,0.335,1,7.0,145411.0
114,1932,989.0,5,6.333333333333333,9.0,2025-06-01,2025-07-01,0.49166666666666664,1,10.0,9890.0
114,1990,28088.0,8,2.333333333333333,3.0,2025-06-01,2025-07-01,0.49666666666666665,1,4.0,112352.0
114,2019,81500.0,1,2.0,3.0,2025-06-01,2025-07-01,0.3616666666666667,1,4.0,326000.0
114,2070,21704.0,7,2.0,4.0,2025-06-01,2025-07-01,0.5633333333333334,1,5.0,108520.0
114,2112,731.0,4,23.666666666666668,45.0,2025-06-01,2025-07-01,0.355,1,50.0,36550.0
114,2345,21732.0,2,3.0,2.0,2025-06-01,2025-07-01,0.42,1,4.0,86928.0
114,2523,24492.0,1,4.333333333333333,3.0,2025-06-01,2025-07-01,0.3333333333333333,1,6.0,146952.0
114,2860,899.0,10,6.5,10.0,2025-06-01,2025-07-01,0.4410180438585784,1,11.0,9889.0
114,3191,4675.0,6,6.0,8.0,2025-06-01,2025-07-01,0.38333333333333336,1,9.0,42075.0
114,3305,4635.0,3,4.0,3.0,2025-06-01,2025-07-01,0.4087027543838236,1,5.0,23175.0
114,3554,26880.0,2,1.3333333333333333,1.0,2025-06-01,2025-07-01,0.315,1,3.0,80640.0
114,3781,29537.0,1,2.333333333333333,3.0,2025-06-01,2025-07-01,0.45666666666666667,1,4.0,118148.0
114,3975,2720.0,96,10.0,10.0,2025-06-01,2025-07-01,0.3,1,11.0,29920.0
114,4440,2106.0,15,9.333333333333334,20.0,2025-06-01,2025-07-01,0.3343513771919118,1,22.0,46332.0
114,4486,21450.0,20,16.333333333333332,6.0,2025-06-01,2025-07-01,0.5566666666666666,1,19.0,407550.0
114,4487,36120.0,2,1.5,1.0,2025-06-01,2025-07-01,0.3283333333333333,1,3.0,108360.0
114,4550,22300.0,35,57.0,44.0,2025-06-01,2025-07-01,0.3883333333333333,1,63.0,1404900.0
114,4690,27623.0,6,12.666666666666666,6.0,2025-06-01,2025-07-01,0.3283333333333333,1,15.0,414345.0
114,4886,37086.0,6,2.6666666666666665,3.0,2025-06-01,2025-07-01,0.5416666666666666,1,4.0,148344.0
114,4887,42190.0,2,1.0,1.0,2025-06-01,2025-07-01,0.2833333333333333,0,1.0,42190.0
114,5017,19800.0,32,10.0,10.0,2025-06-01,2025-07-01,0.39666666666666667,1,11.0,217800.0
114,5164,66927.0,4,1.5,2.0,2025-06-01,2025-07-01,0.295,1,3.0,200781.0
114,5197,47951.0,5,1.0,1.0,2025-06-01,2025-07-01,0.42833333333333334,1,2.0,95902.0
114,5503,24950.0,1,0.0,0.0,2025-06-01,2025-07-01,0.6721756234904684,1,1.0,24950.0
114,5521,76300.0,1,0.0,0.0,2025-06-01,2025-07-01,0.6721756234904684,1,1.0,76300.0
114,5522,44138.0,2,0.0,0.0,2025-06-01,2025-07-01,0.6721756234904684,1,1.0,44138.0
1157,1619,6825.0,9,4.0,4.0,2025-06-01,2025-07-01,0.235,0,4.0,27300.0
1157,1825,10800.0,3,0.0,0.0,2025-06-01,2025-07-01,0.665333059352277,1,1.0,10800.0
1157,2896,6240.0,3,0.0,0.0,2025-06-01,2025-07-01,0.665333059352277,1,1.0,6240.0
1157,3484,6900.0,1,1.0,1.0,2025-06-01,2025-07-01,0.7943513771919117,1,2.0,13800.0
1157,3487,7425.0,3,1.0,1.0,2025-06-01,2025-07-01,0.7876847105252451,1,2.0,14850.0
1157,3489,11250.0,2,0.0,0.0,2025-06-01,2025-07-01,0.665333059352277,1,1.0,11250.0
1157,4482,10875.0,3,1.0,1.0,2025-06-01,2025-07-01,0.785,1,2.0,21750.0
1160,1160,8105.0,4,0.0,0.0,2025-06-01,2025-07-01,0.7084023358549261,1,1.0,8105.0
1160,1385,138556.0,10,0.0,0.0,2025-06-01,2025-07-01,0.7084023358549261,1,1.0,138556.0
1160,2396,850.0,1,2.0,2.0,2025-06-01,2025-07-01,0.37524059282350836,1,3.0,2550.0
1160,2509,1300.0,6,20.0,20.0,2025-06-01,2025-07-01,0.22333333333333333,0,20.0,26000.0
1160,2510,1300.0,6,20.0,20.0,2025-06-01,2025-07-01,0.22333333333333333,0,20.0,26000.0
1160,4442,116686.8,1,0.0,0.0,2025-06-01,2025-07-01,0.7084023358549261,1,1.0,116686.8
1163,2067,43875.0,2,0.0,0.0,2025-06-01,2025-07-01,0.7088953874356446,1,1.0,43875.0
1169,3935,17500.0,2,2.0,2.0,2025-06-01,2025-07-01,0.09333333333333334,0,2.0,35000.0
1172,1166,11186.0,2,2.0,2.0,2025-06-01,2025-07-01,0.20833333333333334,0,2.0,22372.0
1175,1305,6104.0,2,0.0,0.0,2025-06-01,2025-07-01,0.6505620541023112,1,1.0,6104.0
1176,1687,600.0,30,0.0,0.0,2025-06-01,2025-07-01,0.6936663926856105,1,1.0,600.0
1176,3322,800.0,10,0.0,0.0,2025-06-01,2025-07-01,0.6936663926856105,1,1.0,800.0
1177,1705,8368.0,12,8.0,8.0,2025-06-01,2025-07-01,0.2916666666666667,1,9.0,75312.0
1177,3987,10825.0,8,4.0,4.0,2025-06-01,2025-07-01,0.105,0,4.0,43300.0
1180,1044,1384.0,8,0.0,0.0,2025-06-01,2025-07-01,0.6391502221013345,1,1.0,1384.0
1180,1126,21755.0,1,1.0,1.0,2025-06-01,2025-07-01,0.48,1,2.0,43510.0
1180,1149,2410.0,4,0.0,0.0,2025-06-01,2025-07-01,0.6391502221013345,1,1.0,2410.0
1180,1161,6525.0,4,0.0,0.0,2025-06-01,2025-07-01,0.6391502221013345,1,1.0,6525.0
1180,1166,11186.0,1,0.0,0.0,2025-06-01,2025-07-01,0.6391502221013345,1,1.0,11186.0
1180,1167,1384.0,5,1.0,1.0,2025-06-01,2025-07-01,0.4487961650691191,1,2.0,2768.0
1180,1188,1900.0,1,1.0,1.0,2025-06-01,2025-07-01,0.5131197755638321,1,2.0,3800.0
1180,1269,1595.0,7,0.0,0.0,2025-06-01,2025-07-01,0.6391502221013345,1,1.0,1595.0
1180,1551,36026.0,1,0.0,0.0,2025-06-01,2025-07-01,0.6391502221013345,1,1.0,36026.0
1180,1555,1795.0,3,0.0,0.0,2025-06-01,2025-07-01,0.6391502221013345,1,1.0,1795.0
1180,1623,5437.5,4,0.0,0.0,2025-06-01,2025-07-01,0.6391502221013345,1,1.0,5437.5
1180,1722,7200.0,6,0.0,0.0,2025-06-01,2025-07-01,0.6391502221013345,1,1.0,7200.0
1180,1746,880.0,5,0.0,0.0,2025-06-01,2025-07-01,0.6391502221013345,1,1.0,880.0
1180,1766,880.0,5,0.0,0.0,2025-06-01,2025-07-01,0.6391502221013345,1,1.0,880.0
1180,1767,880.0,5,0.0,0.0,2025-06-01,2025-07-01,0.6391502221013345,1,1.0,880.0
1180,1768,578.0,6,0.0,0.0,2025-06-01,2025-07-01,0.6391502221013345,1,1.0,578.0
1180,1769,880.0,5,0.0,0.0,2025-06-01,2025-07-01,0.6391502221013345,1,1.0,880.0
1180,1770,880.0,5,0.0,0.0,2025-06-01,2025-07-01,0.6391502221013345,1,1.0,880.0
1180,2027,7811.0,2,0.0,0.0,2025-06-01,2025-07-01,0.6391502221013345,1,1.0,7811.0
1180,2112,731.0,10,0.0,0.0,2025-06-01,2025-07-01,0.6391502221013345,1,1.0,731.0
1180,2247,5120.0,1,0.0,0.0,2025-06-01,2025-07-01,0.6391502221013345,1,1.0,5120.0
1180,2545,1760.0,5,0.0,0.0,2025-06-01,2025-07-01,0.6391502221013345,1,1.0,1760.0
1180,3523,11981.0,4,0.0,0.0,2025-06-01,2025-07-01,0.6391502221013345,1,1.0,11981.0
1180,4656,19436.0,1,0.0,0.0,2025-06-01,2025-07-01,0.6391502221013345,1,1.0,19436.0
1180,5148,15792.0,2,0.0,0.0,2025-06-01,2025-07-01,0.6391502221013345,1,1.0,15792.0
1180,5498,4650.0,4,0.0,0.0,2025-06-01,2025-07-01,0.6391502221013345,1,1.0,4650.0
1180,5505,5100.0,4,0.0,0.0,2025-06-01,2025-07-01,0.6391502221013345,1,1.0,5100.0
1180,5511,5100.0,4,0.0,0.0,2025-06-01,2025-07-01,0.6391502221013345,1,1.0,5100.0
1188,2482,44000.0,1,0.0,0.0,2025-06-01,2025-07-01,0.7188953874356446,1,1.0,44000.0
1193,1134,28714.0,1,0.0,0.0,2025-06-01,2025-07-01,0.7055620541023111,1,1.0,28714.0
1194,1911,30982.5,1,0.0,0.0,2025-06-01,2025-07-01,0.5872287207689778,1,1.0,30982.5
1194,3106,63184.0,1,0.0,0.0,2025-06-01,2025-07-01,0.5872287207689778,1,1.0,63184.0
1195,3695,13884.0,10,0.0,0.0,2025-06-01,2025-07-01,0.6143992339924094,1,1.0,13884.0
1195,3703,6942.0,100,0.0,0.0,2025-06-01,2025-07-01,0.6143992339924094,1,1.0,6942.0
1195,3707,7566.0,35,0.0,0.0,2025-06-01,2025-07-01,0.6143992339924094,1,1.0,7566.0
1195,3717,5928.0,25,0.0,0.0,2025-06-01,2025-07-01,0.6143992339924094,1,1.0,5928.0
1195,4707,135.0,100,0.0,0.0,2025-06-01,2025-07-01,0.6143992339924094,1,1.0,135.0
1195,4763,7566.0,20,0.0,0.0,2025-06-01,2025-07-01,0.6143992339924094,1,1.0,7566.0
1199,2921,44460.0,2,0.0,0.0,2025-06-01,2025-07-01,0.7305620541023112,1,1.0,44460.0
1199,2949,22221.0,2,0.0,0.0,2025-06-01,2025-07-01,0.7305620541023112,1,1.0,22221.0
120,1006,2516.0,20,16.0,30.0,2025-06-01,2025-07-01,0.38166666666666665,1,33.0,83028.0
120,1044,1384.0,30,30.0,30.0,2025-06-01,2025-07-01,0.415,1,33.0,45672.0
120,1162,2100.0,200,183.33333333333331,300.0,2025-06-01,2025-07-01,0.13333333333333333,0,300.0,630000.0
120,1166,11186.0,20,13.333333333333334,10.0,2025-06-01,2025-07-01,0.3983333333333333,1,16.0,178976.0
120,1167,1384.0,35,100.0,105.0,2025-06-01,2025-07-01,0.2683333333333333,0,105.0,145320.0
120,1188,1900.0,200,200.0,200.0,2025-06-01,2025-07-01,0.3616666666666667,1,220.0,418000.0
120,1269,1595.0,11,8.5,13.0,2025-06-01,2025-07-01,0.48333333333333334,1,15.0,23925.0
120,1276,6824.0,2,4.0,6.0,2025-06-01,2025-07-01,0.5716666666666667,1,7.0,47768.0
120,1363,1900.0,200,166.66666666666666,100.0,2025-06-01,2025-07-01,0.2833333333333333,0,167.0,317300.0
120,1398,2480.0,3,13.333333333333334,5.0,2025-06-01,2025-07-01,0.33666666666666667,1,16.0,39680.0
120,1684,18099.0,80,140.0,180.0,2025-06-01,2025-07-01,0.09,0,180.0,3257820.0
120,1685,62439.0,3,3.6666666666666665,3.0,2025-06-01,2025-07-01,0.3883333333333333,1,5.0,312195.0
120,1742,22497.0,4,5.0,4.0,2025-06-01,2025-07-01,0.25166666666666665,0,5.0,112485.0
120,1744,1175.0,10,26.666666666666668,30.0,2025-06-01,2025-07-01,0.2966666666666667,1,33.0,38775.0
120,1796,23091.0,1,10.0,15.0,2025-06-01,2025-07-01,0.4766666666666667,1,17.0,392547.0
120,1885,28961.0,1,2.333333333333333,1.0,2025-06-01,2025-07-01,0.5116666666666667,1,4.0,115844.0
120,2105,6840.0,2,6.0,6.0,2025-06-01,2025-07-01,0.3233333333333333,1,7.0,47880.0
120,2441,61600.0,1,2.333333333333333,2.0,2025-06-01,2025-07-01,0.3933333333333333,1,4.0,246400.0
120,2443,13215.86,4,2.0,2.0,2025-06-01,2025-07-01,0.67,1,3.0,39647.58
120,2594,24180.0,1,3.333333333333333,1.0,2025-06-01,2025-07-01,0.5266666666666666,1,5.0,120900.0
120,2790,11851.0,4,3.6666666666666665,7.0,2025-06-01,2025-07-01,0.38333333333333336,1,8.0,94808.0
120,2795,12618.0,6,3.0,2.0,2025-06-01,2025-07-01,0.575,1,4.0,50472.0
120,2862,11584.0,25,10.333333333333334,25.0,2025-06-01,2025-07-01,0.2916666666666667,1,28.0,324352.0
120,3045,7605.0,6,2.0,2.0,2025-06-01,2025-07-01,0.6133333333333333,1,3.0,22815.0
120,3985,14298.0,2,3.0,3.0,2025-06-01,2025-07-01,0.48833333333333334,1,4.0,57192.0
120,5148,15792.0,1,0.0,0.0,2025-06-01,2025-07-01,0.7071546526208052,1,1.0,15792.0
120,5510,28961.0,1,0.0,0.0,2025-06-01,2025-07-01,0.7071546526208052,1,1.0,28961.0
1200,1363,1900.0,1,0.0,0.0,2025-06-01,2025-07-01,0.7305620541023112,1,1.0,1900.0
1201,1181,3762.0,1,0.0,0.0,2025-06-01,2025-07-01,0.7305620541023112,1,1.0,3762.0
1202,1911,30982.5,1,0.0,0.0,2025-06-01,2025-07-01,0.7305620541023112,1,1.0,30982.5
1202,1971,68427.62,1,0.0,0.0,2025-06-01,2025-07-01,0.7305620541023112,1,1.0,68427.62
1203,1140,1718.0,1,0.0,0.0,2025-06-01,2025-07-01,0.7305620541023112,1,1.0,1718.0
1204,1163,1876.0,3,0.0,0.0,2025-06-01,2025-07-01,0.7305620541023112,1,1.0,1876.0
1205,5112,37.0,4,0.0,0.0,2025-06-01,2025-07-01,0.7305620541023112,1,1.0,37.0
1206,1161,6525.0,1,0.0,0.0,2025-06-01,2025-07-01,0.7305620541023112,1,1.0,6525.0
1206,1414,7362.0,1,0.0,0.0,2025-06-01,2025-07-01,0.7305620541023112,1,1.0,7362.0
1207,1140,1718.0,4,0.0,0.0,2025-06-01,2025-07-01,0.7305620541023112,1,1.0,1718.0
1208,1239,2496.0,1,0.0,0.0,2025-06-01,2025-07-01,0.7305620541023112,1,1.0,2496.0
1209,1276,6824.0,1,0.0,0.0,2025-06-01,2025-07-01,0.7305620541023112,1,1.0,6824.0
1209,3691,8659.04,1,0.0,0.0,2025-06-01,2025-07-01,0.7305620541023112,1,1.0,8659.04
121,1146,4290.0,75,106.66666666666669,90.0,2025-06-01,2025-07-01,0.155,0,107.0,459030.0
121,1436,4290.0,50,40.0,40.0,2025-06-01,2025-07-01,0.185,0,40.0,171600.0
121,3707,7566.0,50,46.66666666666666,25.0,2025-06-01,2025-07-01,0.42833333333333334,1,52.0,393432.0
121,3718,3900.0,10,30.0,25.0,2025-06-01,2025-07-01,0.2866666666666667,1,33.0,128700.0
121,4295,7566.0,75,23.33333333333333,50.0,2025-06-01,2025-07-01,0.49333333333333335,1,55.0,416130.0
121,4408,89.0,150,6.0,6.0,2025-06-01,2025-07-01,0.34963864089499397,1,7.0,623.0
121,4409,7566.0,30,3.0,1.0,2025-06-01,2025-07-01,0.48333333333333334,1,4.0,30264.0
121,4415,7566.0,20,12.5,20.0,2025-06-01,2025-07-01,0.31,1,22.0,166452.0
121,4512,7566.0,20,33.333333333333336,50.0,2025-06-01,2025-07-01,0.22833333333333333,0,50.0,378300.0
121,4563,139.0,20,5.0,5.0,2025-06-01,2025-07-01,0.42630530756166063,1,6.0,834.0
121,4565,137.0,30,23.33333333333333,30.0,2025-06-01,2025-07-01,0.415,1,33.0,4521.0
121,4708,11700.0,30,20.0,30.0,2025-06-01,2025-07-01,0.26666666666666666,0,30.0,351000.0
121,5523,27.0,5,0.0,0.0,2025-06-01,2025-07-01,0.7178805190350517,1,1.0,27.0
121,5524,28.0,5,0.0,0.0,2025-06-01,2025-07-01,0.7178805190350517,1,1.0,28.0
121,5525,30.0,5,0.0,0.0,2025-06-01,2025-07-01,0.7178805190350517,1,1.0,30.0
121,5526,30.0,5,0.0,0.0,2025-06-01,2025-07-01,0.7178805190350517,1,1.0,30.0
121,5527,32.0,5,0.0,0.0,2025-06-01,2025-07-01,0.7178805190350517,1,1.0,32.0
121,5528,34.0,5,0.0,0.0,2025-06-01,2025-07-01,0.7178805190350517,1,1.0,34.0
121,5529,36.0,5,0.0,0.0,2025-06-01,2025-07-01,0.7178805190350517,1,1.0,36.0
1210,1022,2432.0,6,0.0,0.0,2025-06-01,2025-07-01,0.7305620541023112,1,1.0,2432.0
1210,1107,2208.0,6,0.0,0.0,2025-06-01,2025-07-01,0.7305620541023112,1,1.0,2208.0
1210,1111,3712.0,4,0.0,0.0,2025-06-01,2025-07-01,0.7305620541023112,1,1.0,3712.0
1210,1112,975.0,2,0.0,0.0,2025-06-01,2025-07-01,0.7305620541023112,1,1.0,975.0
1210,1114,2340.0,4,0.0,0.0,2025-06-01,2025-07-01,0.7305620541023112,1,1.0,2340.0
1210,1177,3465.0,1,0.0,0.0,2025-06-01,2025-07-01,0.7305620541023112,1,1.0,3465.0
1210,1181,3762.0,9,0.0,0.0,2025-06-01,2025-07-01,0.7305620541023112,1,1.0,3762.0
1210,1213,2400.0,6,0.0,0.0,2025-06-01,2025-07-01,0.7305620541023112,1,1.0,2400.0
1210,1217,2240.0,4,0.0,0.0,2025-06-01,2025-07-01,0.7305620541023112,1,1.0,2240.0
1210,1219,3248.8,12,0.0,0.0,2025-06-01,2025-07-01,0.7305620541023112,1,1.0,3248.8
1210,1260,3264.0,9,0.0,0.0,2025-06-01,2025-07-01,0.7305620541023112,1,1.0,3264.0
1210,1445,5059.0,1,0.0,0.0,2025-06-01,2025-07-01,0.7305620541023112,1,1.0,5059.0
1210,1558,204.0,2,0.0,0.0,2025-06-01,2025-07-01,0.7305620541023112,1,1.0,204.0
1210,1633,3975.0,4,0.0,0.0,2025-06-01,2025-07-01,0.7305620541023112,1,1.0,3975.0
1210,1701,3040.0,8,0.0,0.0,2025-06-01,2025-07-01,0.7305620541023112,1,1.0,3040.0
1210,1702,52.8,3,0.0,0.0,2025-06-01,2025-07-01,0.7305620541023112,1,1.0,52.8
1210,1847,716.0,2,0.0,0.0,2025-06-01,2025-07-01,0.7305620541023112,1,1.0,716.0
1210,1970,430.4,2,0.0,0.0,2025-06-01,2025-07-01,0.7305620541023112,1,1.0,430.4
1210,2164,2496.0,2,0.0,0.0,2025-06-01,2025-07-01,0.7305620541023112,1,1.0,2496.0
1210,2257,216.0,2,0.0,0.0,2025-06-01,2025-07-01,0.7305620541023112,1,1.0,216.0
1210,2348,6115.0,2,0.0,0.0,2025-06-01,2025-07-01,0.7305620541023112,1,1.0,6115.0
1210,2391,609.6,1,0.0,0.0,2025-06-01,2025-07-01,0.7305620541023112,1,1.0,609.6
1210,2408,29515.2,1,0.0,0.0,2025-06-01,2025-07-01,0.7305620541023112,1,1.0,29515.2
1210,2443,13215.86,2,0.0,0.0,2025-06-01,2025-07-01,0.7305620541023112,1,1.0,13215.86
1210,2491,960.0,2,0.0,0.0,2025-06-01,2025-07-01,0.7305620541023112,1,1.0,960.0
1210,2494,1080.0,3,0.0,0.0,2025-06-01,2025-07-01,0.7305620541023112,1,1.0,1080.0
1210,4080,795.0,2,0.0,0.0,2025-06-01,2025-07-01,0.7305620541023112,1,1.0,795.0
1210,4149,795.0,3,0.0,0.0,2025-06-01,2025-07-01,0.7305620541023112,1,1.0,795.0
1210,4226,795.0,2,0.0,0.0,2025-06-01,2025-07-01,0.7305620541023112,1,1.0,795.0
1210,4227,795.0,2,0.0,0.0,2025-06-01,2025-07-01,0.7305620541023112,1,1.0,795.0
1210,4459,12420.0,2,0.0,0.0,2025-06-01,2025-07-01,0.7305620541023112,1,1.0,12420.0
1210,4528,253.6,1,0.0,0.0,2025-06-01,2025-07-01,0.7305620541023112,1,1.0,253.6
1210,4750,795.0,2,0.0,0.0,2025-06-01,2025-07-01,0.7305620541023112,1,1.0,795.0
1210,5534,227.2,4,0.0,0.0,2025-06-01,2025-07-01,0.7305620541023112,1,1.0,227.2
1211,1163,1876.0,1,0.0,0.0,2025-06-01,2025-07-01,0.7305620541023112,1,1.0,1876.0
1211,4327,800.0,1,0.0,0.0,2025-06-01,2025-07-01,0.7305620541023112,1,1.0,800.0
1212,2545,1760.0,5,0.0,0.0,2025-06-01,2025-07-01,0.7305620541023112,1,1.0,1760.0
123,1149,2410.0,2,9.666666666666666,13.0,2025-06-01,2025-07-01,0.2776085539720185,0,13.0,31330.0
123,1151,2632.0,1,2.6666666666666665,4.0,2025-06-01,2025-07-01,0.4266666666666667,1,5.0,13160.0
123,5151,52650.0,1,0.0,0.0,2025-06-01,2025-07-01,0.6944755947087882,1,1.0,52650.0
123,5170,7800.0,2,2.0,3.0,2025-06-01,2025-07-01,0.505,1,4.0,31200.0
123,5171,4590.0,4,5.5,5.0,2025-06-01,2025-07-01,0.5183333333333333,1,7.0,32130.0
123,5172,5220.0,4,4.333333333333333,3.0,2025-06-01,2025-07-01,0.30833333333333335,1,6.0,31320.0
128,1044,1384.0,4,1.3333333333333333,2.0,2025-06-01,2025-07-01,0.2080291550239924,0,2.0,2768.0
128,1137,16075.0,13,11.666666666666666,13.0,2025-06-01,2025-07-01,0.40166666666666667,1,15.0,241125.0
128,1163,1876.0,40,40.0,52.0,2025-06-01,2025-07-01,0.21666666666666667,0,52.0,97552.0
128,1164,2070.0,20,16.666666666666668,23.0,2025-06-01,2025-07-01,0.16,0,23.0,47610.0
128,1166,11186.0,4,1.3333333333333333,2.0,2025-06-01,2025-07-01,0.40293066868725136,1,3.0,33558.0
128,1177,3465.0,2,3.333333333333333,3.0,2025-06-01,2025-07-01,0.32666666666666666,1,5.0,17325.0
128,1181,3762.0,2,2.6666666666666665,3.0,2025-06-01,2025-07-01,0.4483333333333333,1,4.0,15048.0
128,1426,3300.0,27,14.0,10.0,2025-06-01,2025-07-01,0.4816666666666667,1,16.0,52800.0
128,1555,1795.0,16,5.333333333333333,8.0,2025-06-01,2025-07-01,0.41692068677415717,1,9.0,16155.0
128,1556,2170.0,16,11.333333333333334,4.0,2025-06-01,2025-07-01,0.29833333333333334,1,14.0,30380.0
129,1044,1384.0,1,1.6666666666666667,3.0,2025-06-01,2025-07-01,0.24195684718706195,0,3.0,4152.0
129,1166,11186.0,3,1.3333333333333333,2.0,2025-06-01,2025-07-01,0.49,1,3.0,33558.0
129,1174,4257.0,12,4.0,4.0,2025-06-01,2025-07-01,0.5266666666666666,1,5.0,21285.0
129,1177,3465.0,15,5.0,2.0,2025-06-01,2025-07-01,0.3607260887620689,1,6.0,20790.0
129,1181,3762.0,24,23.666666666666668,30.0,2025-06-01,2025-07-01,0.265,0,30.0,112860.0
129,1185,2000.7,31,8.333333333333334,3.0,2025-06-01,2025-07-01,0.6616666666666666,1,10.0,20007.0
129,1197,12720.0,1,1.0,1.0,2025-06-01,2025-07-01,0.5733333333333334,1,2.0,25440.0
129,1260,3264.0,7,5.0,9.0,2025-06-01,2025-07-01,0.2760180438585785,0,9.0,29376.0
129,1276,6824.0,2,3.0,1.0,2025-06-01,2025-07-01,0.49333333333333335,1,4.0,27296.0
129,1402,1856.0,2,2.0,2.0,2025-06-01,2025-07-01,0.4275188808568972,1,3.0,5568.0
129,1721,6120.0,4,8.666666666666666,2.0,2025-06-01,2025-07-01,0.25,0,9.0,55080.0
129,2482,44000.0,10,3.333333333333333,2.0,2025-06-01,2025-07-01,0.3433333333333333,1,5.0,220000.0
129,2531,21266.0,3,4.0,4.0,2025-06-01,2025-07-01,0.16666666666666666,0,4.0,85064.0
129,2949,22221.0,3,1.0,1.0,2025-06-01,2025-07-01,0.475,1,2.0,44442.0
129,3143,6120.0,8,4.333333333333333,4.0,2025-06-01,2025-07-01,0.47,1,6.0,36720.0
129,3144,7290.0,8,17.333333333333332,4.0,2025-06-01,2025-07-01,0.23833333333333334,0,18.0,131220.0
129,3218,621.0,4,1.6666666666666667,2.0,2025-06-01,2025-07-01,0.667768929023956,1,3.0,1863.0
129,3219,657.0,6,3.0,6.0,2025-06-01,2025-07-01,0.29299484941180265,1,7.0,4599.0
129,3595,3420.0,16,18.0,4.0,2025-06-01,2025-07-01,0.195,0,18.0,61560.0
129,3980,12446.1,2,3.333333333333333,3.0,2025-06-01,2025-07-01,0.405,1,5.0,62230.5
129,3985,14298.0,5,2.333333333333333,2.0,2025-06-01,2025-07-01,0.31166666666666665,1,4.0,57192.0
129,4352,2053.6,3,1.3333333333333333,2.0,2025-06-01,2025-07-01,0.4066666666666667,1,3.0,6160.799999999999
129,4947,2125.0,3,4.666666666666667,3.0,2025-06-01,2025-07-01,0.36,1,6.0,12750.0
129,5006,1657.5,9,4.0,6.0,2025-06-01,2025-07-01,0.435,1,7.0,11602.5
129,5508,77200.0,1,0.0,0.0,2025-06-01,2025-07-01,0.7822461635244582,1,1.0,77200.0
138,3500,0.6,500,100.0,100.0,2025-06-01,2025-07-01,0.23482105837744735,0,100.0,60.0
138,5513,65.0,4,0.0,0.0,2025-06-01,2025-07-01,0.663975326386894,1,1.0,65.0
138,5515,56.0,4,0.0,0.0,2025-06-01,2025-07-01,0.663975326386894,1,1.0,56.0
138,5516,110.0,4,0.0,0.0,2025-06-01,2025-07-01,0.663975326386894,1,1.0,110.0
140,1121,5490.0,5,2.0,2.0,2025-06-01,2025-07-01,0.3566666666666667,1,3.0,16470.0
140,2247,5120.0,2,1.5,1.0,2025-06-01,2025-07-01,0.22333333333333333,0,2.0,10240.0
140,2663,4575.0,4,4.0,4.0,2025-06-01,2025-07-01,0.43666666666666665,1,5.0,22875.0
140,3797,4125.0,5,0.0,0.0,2025-06-01,2025-07-01,0.6825560434200328,1,1.0,4125.0
140,3891,8424.0,2,0.0,0.0,2025-06-01,2025-07-01,0.6825560434200328,1,1.0,8424.0
140,5500,17600.0,2,0.0,0.0,2025-06-01,2025-07-01,0.6825560434200328,1,1.0,17600.0
140,5509,7378.4,1,0.0,0.0,2025-06-01,2025-07-01,0.6825560434200328,1,1.0,7378.4
140,5514,4800.0,4,0.0,0.0,2025-06-01,2025-07-01,0.6825560434200328,1,1.0,4800.0
144,1039,36240.0,1,4.0,4.0,2025-06-01,2025-07-01,0.205,0,4.0,144960.0
145,1161,6525.0,3,5.666666666666667,6.0,2025-06-01,2025-07-01,0.43,1,7.0,45675.0
145,1266,6960.0,15,8.333333333333334,10.0,2025-06-01,2025-07-01,0.355,1,11.0,76560.0
145,1362,883.5,1,0.0,0.0,2025-06-01,2025-07-01,0.7041348327173967,1,1.0,883.5
145,1439,8640.0,1,2.6666666666666665,2.0,2025-06-01,2025-07-01,0.36552117219436614,1,4.0,34560.0
145,1844,883.5,1,0.0,0.0,2025-06-01,2025-07-01,0.7041348327173967,1,1.0,883.5
145,1973,6560.0,14,8.333333333333334,5.0,2025-06-01,2025-07-01,0.355,1,10.0,65600.0
145,2244,1280.0,1,2.0,2.0,2025-06-01,2025-07-01,0.4088419091837154,1,3.0,3840.0
145,2359,6404.0,4,0.0,0.0,2025-06-01,2025-07-01,0.7041348327173967,1,1.0,6404.0
145,2782,8400.0,3,3.6666666666666665,3.0,2025-06-01,2025-07-01,0.38101804385857846,1,5.0,42000.0
145,2856,7796.0,1,4.5,3.0,2025-06-01,2025-07-01,0.37333333333333335,1,6.0,46776.0
145,3050,14025.0,1,3.0,3.0,2025-06-01,2025-07-01,0.355,1,4.0,56100.0
145,4387,1080.0,1,2.0,2.0,2025-06-01,2025-07-01,0.46127203763889263,1,3.0,3240.0
145,4388,1080.0,1,2.0,2.0,2025-06-01,2025-07-01,0.46127203763889263,1,3.0,3240.0
145,4462,1080.0,1,2.0,2.0,2025-06-01,2025-07-01,0.46127203763889263,1,3.0,3240.0
145,5071,15375.0,10,71.5,22.0,2025-06-01,2025-07-01,0.21333333333333335,0,72.0,1107000.0
145,5501,16.0,1,0.0,0.0,2025-06-01,2025-07-01,0.7041348327173967,1,1.0,16.0
149,5240,47649.6,1,0.0,0.0,2025-06-01,2025-07-01,0.6171032201280662,1,1.0,47649.6
156,1039,36240.0,1,3.0,6.0,2025-06-01,2025-07-01,0.245,0,6.0,217440.0
156,1151,2632.0,5,5.0,5.0,2025-06-01,2025-07-01,0.2833333333333333,0,5.0,13160.0
156,1552,3000.0,10,9.666666666666666,15.0,2025-06-01,2025-07-01,0.19833333333333333,0,15.0,45000.0
156,1639,20718.75,3,2.0,2.0,2025-06-01,2025-07-01,0.22101804385857846,0,2.0,41437.5
159,1150,2900.0,6,0.0,0.0,2025-06-01,2025-07-01,0.6624062633960395,1,1.0,2900.0
159,1151,2632.0,2,2.0,2.0,2025-06-01,2025-07-01,0.47443559569062266,1,3.0,7896.0
159,1551,36026.0,2,0.0,0.0,2025-06-01,2025-07-01,0.6624062633960395,1,1.0,36026.0
159,4143,2130.0,2,0.0,0.0,2025-06-01,2025-07-01,0.6624062633960395,1,1.0,2130.0
159,5532,45.0,4,0.0,0.0,2025-06-01,2025-07-01,0.6624062633960395,1,1.0,45.0
162,1013,1664.0,5,6.666666666666667,13.0,2025-06-01,2025-07-01,0.43833333333333335,1,15.0,24960.0
162,1031,1600.0,2,8.333333333333334,18.0,2025-06-01,2025-07-01,0.23268471052524514,0,18.0,28800.0
162,1175,3762.0,1,2.6666666666666665,3.0,2025-06-01,2025-07-01,0.465,1,4.0,15048.0
162,1181,3762.0,1,4.666666666666667,4.0,2025-06-01,2025-07-01,0.3883333333333333,1,6.0,22572.0
162,1255,1600.0,2,8.0,18.0,2025-06-01,2025-07-01,0.19387119138124528,0,18.0,28800.0
162,1732,1664.0,4,20.33333333333333,3.0,2025-06-01,2025-07-01,0.22833333333333333,0,21.0,34944.0
162,1959,1600.0,2,7.0,10.0,2025-06-01,2025-07-01,0.3691163977927029,1,11.0,17600.0
162,2124,1600.0,2,7.666666666666667,1.0,2025-06-01,2025-07-01,0.2273995079734657,0,8.0,12800.0
166,1014,2440.0,12,18.666666666666668,34.0,2025-06-01,2025-07-01,0.14666666666666667,0,34.0,82960.0
166,1028,2496.0,3,8.666666666666666,6.0,2025-06-01,2025-07-01,0.43666666666666665,1,10.0,24960.0
166,1102,2082.4,7,7.333333333333333,7.0,2025-06-01,2025-07-01,0.38333333333333336,1,9.0,18741.600000000002
166,1103,3302.4,1,2.0,4.0,2025-06-01,2025-07-01,0.5121363478522022,1,5.0,16512.0
166,1105,3465.0,2,6.0,8.0,2025-06-01,2025-07-01,0.42333333333333334,1,9.0,31185.0
166,1107,2208.0,1,2.6666666666666665,6.0,2025-06-01,2025-07-01,0.47148772504411396,1,7.0,15456.0
166,1114,2340.0,10,8.666666666666666,8.0,2025-06-01,2025-07-01,0.31833333333333336,1,10.0,23400.0
166,1115,2000.0,3,12.666666666666666,27.0,2025-06-01,2025-07-01,0.24166666666666667,0,27.0,54000.0
166,1127,3373.0,5,5.666666666666667,6.0,2025-06-01,2025-07-01,0.29906617464013235,1,7.0,23611.0
166,1152,2200.0,7,7.0,12.0,2025-06-01,2025-07-01,0.3,1,14.0,30800.0
166,1153,2200.0,2,4.0,5.0,2025-06-01,2025-07-01,0.4312640020205847,1,6.0,13200.0
166,1175,3762.0,36,17.333333333333332,30.0,2025-06-01,2025-07-01,0.40166666666666667,1,33.0,124146.0
166,1176,3465.0,5,10.333333333333334,17.0,2025-06-01,2025-07-01,0.12833333333333333,0,17.0,58905.0
166,1177,3465.0,5,11.333333333333334,12.0,2025-06-01,2025-07-01,0.19268471052524513,0,12.0,41580.0
166,1178,3465.0,9,12.0,15.0,2025-06-01,2025-07-01,0.18333333333333332,0,15.0,51975.0
166,1219,3248.8,35,18.0,40.0,2025-06-01,2025-07-01,0.13333333333333333,0,40.0,129952.0
166,1222,3173.6,1,1.0,1.0,2025-06-01,2025-07-01,0.5083333333333333,1,2.0,6347.2
166,1229,7744.0,2,1.0,1.0,2025-06-01,2025-07-01,0.3983333333333333,1,2.0,15488.0
166,1241,1840.0,2,4.333333333333333,6.0,2025-06-01,2025-07-01,0.40166666666666667,1,7.0,12880.0
166,1260,3264.0,15,6.333333333333333,7.0,2025-06-01,2025-07-01,0.4583333333333333,1,8.0,26112.0
166,1402,1856.0,4,5.333333333333333,9.0,2025-06-01,2025-07-01,0.2866666666666667,1,10.0,18560.0
166,1414,7362.0,1,3.0,3.0,2025-06-01,2025-07-01,0.3233333333333333,1,4.0,29448.0
166,1610,1802.4,5,6.0,3.0,2025-06-01,2025-07-01,0.3410180438585785,1,7.0,12616.800000000001
166,1611,3264.0,5,4.0,5.0,2025-06-01,2025-07-01,0.315,1,6.0,19584.0
166,1662,1856.0,6,4.666666666666667,9.0,2025-06-01,2025-07-01,0.3410180438585785,1,10.0,18560.0
166,1703,1792.0,2,4.0,7.0,2025-06-01,2025-07-01,0.34833333333333333,1,8.0,14336.0
166,1815,9536.0,1,0.0,0.0,2025-06-01,2025-07-01,0.6032263835224279,1,1.0,9536.0
166,1840,1145.0,3,5.0,5.0,2025-06-01,2025-07-01,0.5382608453479684,1,6.0,6870.0
166,1899,7514.4,1,1.5,1.0,2025-06-01,2025-07-01,0.49203608771715684,1,3.0,22543.199999999997
166,2128,7625.6,1,1.3333333333333333,1.0,2025-06-01,2025-07-01,0.3410180438585785,1,3.0,22876.800000000003
166,2212,10825.6,2,2.0,2.0,2025-06-01,2025-07-01,0.2633333333333333,0,2.0,21651.2
166,2226,3080.0,4,3.333333333333333,3.0,2025-06-01,2025-07-01,0.475,1,5.0,15400.0
166,2359,6404.0,1,3.0,3.0,2025-06-01,2025-07-01,0.40166666666666667,1,4.0,25616.0
166,2579,104.0,3,5.0,5.0,2025-06-01,2025-07-01,0.4409696594550322,1,6.0,624.0
166,2921,44460.0,1,2.0,2.0,2025-06-01,2025-07-01,0.16333333333333333,0,2.0,88920.0
166,2951,37457.3,2,2.0,2.0,2025-06-01,2025-07-01,0.16166666666666665,0,2.0,74914.6
166,2983,2200.0,1,1.6666666666666667,2.0,2025-06-01,2025-07-01,0.45268471052524506,1,3.0,6600.0
166,3144,7290.0,2,2.0,2.0,2025-06-01,2025-07-01,0.36,1,3.0,21870.0
166,3657,19780.0,1,1.5,1.0,2025-06-01,2025-07-01,0.3416666666666667,1,3.0,59340.0
166,4457,7800.0,5,2.0,2.0,2025-06-01,2025-07-01,0.36333333333333334,1,3.0,23400.0
166,5176,140.0,2,2.0,2.0,2025-06-01,2025-07-01,0.6204809615507548,1,3.0,420.0
166,5535,120.0,3,0.0,0.0,2025-06-01,2025-07-01,0.6032263835224279,1,1.0,120.0
178,2384,5440.0,1,0.0,0.0,2025-06-01,2025-07-01,0.666065900659076,1,1.0,5440.0
178,2863,6000.0,4,1.0,1.0,2025-06-01,2025-07-01,0.81,1,2.0,12000.0
183,1044,1384.0,16,4.333333333333333,1.0,2025-06-01,2025-07-01,0.48704781823050286,1,6.0,8304.0
183,1163,1876.0,188,54.66666666666666,8.0,2025-06-01,2025-07-01,0.465,1,61.0,114436.0
183,1164,2070.0,120,27.33333333333333,4.0,2025-06-01,2025-07-01,0.7183333333333334,1,31.0,64170.0
183,1167,1384.0,32,14.666666666666666,20.0,2025-06-01,2025-07-01,0.5337027543838235,1,22.0,30448.0
183,1426,3300.0,60,60.0,60.0,2025-06-01,2025-07-01,0.23,0,60.0,198000.0
183,2022,4600.0,29,5.666666666666667,3.0,2025-06-01,2025-07-01,0.5083333333333333,1,7.0,32200.0
183,2025,3500.0,28,16.0,2.0,2025-06-01,2025-07-01,0.21333333333333335,0,16.0,56000.0
183,3454,17908.0,50,15.666666666666666,15.0,2025-06-01,2025-07-01,0.58,1,18.0,322344.0
183,3476,27373.0,6,3.6666666666666665,4.0,2025-06-01,2025-07-01,0.46,1,5.0,136865.0
183,3562,12535.0,8,5.333333333333333,1.0,2025-06-01,2025-07-01,0.23666666666666666,0,6.0,75210.0
183,3793,22342.0,4,7.666666666666667,7.0,2025-06-01,2025-07-01,0.18,0,8.0,178736.0
183,4746,81588.0,1,1.0,1.0,2025-06-01,2025-07-01,0.36666666666666664,1,2.0,163176.0
196,1136,2552.0,10,8.0,20.0,2025-06-01,2025-07-01,0.5483333333333333,1,22.0,56144.0
196,1313,31008.0,3,1.3333333333333333,1.0,2025-06-01,2025-07-01,0.395,1,3.0,93024.0
196,1314,23562.0,6,10.0,12.0,2025-06-01,2025-07-01,0.43833333333333335,1,14.0,329868.0
196,1405,2552.0,10,10.0,10.0,2025-06-01,2025-07-01,0.3283333333333333,1,11.0,28072.0
196,1766,880.0,1,0.0,0.0,2025-06-01,2025-07-01,0.7574054394572463,1,1.0,880.0
196,1767,880.0,1,0.0,0.0,2025-06-01,2025-07-01,0.7574054394572463,1,1.0,880.0
196,1768,578.0,1,0.0,0.0,2025-06-01,2025-07-01,0.7574054394572463,1,1.0,578.0
196,1769,880.0,1,0.0,0.0,2025-06-01,2025-07-01,0.7574054394572463,1,1.0,880.0
196,1960,15050.0,4,0.0,0.0,2025-06-01,2025-07-01,0.7574054394572463,1,1.0,15050.0
196,1973,6560.0,1,0.0,0.0,2025-06-01,2025-07-01,0.7574054394572463,1,1.0,6560.0
196,1974,29050.0,3,0.0,0.0,2025-06-01,2025-07-01,0.7574054394572463,1,1.0,29050.0
196,2359,6404.0,1,0.0,0.0,2025-06-01,2025-07-01,0.7574054394572463,1,1.0,6404.0
196,2846,3360.0,4,0.0,0.0,2025-06-01,2025-07-01,0.7574054394572463,1,1.0,3360.0
196,3306,10100.0,2,0.0,0.0,2025-06-01,2025-07-01,0.7574054394572463,1,1.0,10100.0
196,4532,837.0,1,0.0,0.0,2025-06-01,2025-07-01,0.7574054394572463,1,1.0,837.0
196,4539,837.0,1,0.0,0.0,2025-06-01,2025-07-01,0.7574054394572463,1,1.0,837.0
196,4540,837.0,1,0.0,0.0,2025-06-01,2025-07-01,0.7574054394572463,1,1.0,837.0
196,5353,61750.0,1,0.0,0.0,2025-06-01,2025-07-01,0.7574054394572463,1,1.0,61750.0
213,1044,1384.0,5,4.0,6.0,2025-06-01,2025-07-01,0.3229372311402235,1,7.0,9688.0
213,1140,1718.0,8,6.0,8.0,2025-06-01,2025-07-01,0.33801488718596223,1,9.0,15462.0
213,1150,2900.0,15,5.333333333333333,8.0,2025-06-01,2025-07-01,0.3883333333333333,1,9.0,26100.0
213,1555,1795.0,20,16.0,24.0,2025-06-01,2025-07-01,0.185,0,24.0,43080.0
213,1708,47088.0,1,0.0,0.0,2025-06-01,2025-07-01,0.7118780981090459,1,1.0,47088.0
213,2240,77205.5,1,0.0,0.0,2025-06-01,2025-07-01,0.7118780981090459,1,1.0,77205.5
213,2572,14065.0,4,3.333333333333333,6.0,2025-06-01,2025-07-01,0.2966666666666667,1,7.0,98455.0
214,3734,18575.0,1,1.0,1.0,2025-06-01,2025-07-01,0.33666666666666667,1,2.0,37150.0
225,3975,2720.0,10,0.0,0.0,2025-06-01,2025-07-01,0.6212948954091102,1,1.0,2720.0
259,4460,439.0,4,0.0,0.0,2025-06-01,2025-07-01,0.6543019248127403,1,1.0,439.0
326,1262,16962.0,1,0.0,0.0,2025-06-01,2025-07-01,0.5879727043160466,1,1.0,16962.0
326,3532,55250.0,1,0.0,0.0,2025-06-01,2025-07-01,0.5879727043160466,1,1.0,55250.0
347,1043,24692.5,1,0.0,0.0,2025-06-01,2025-07-01,0.680472009855352,1,1.0,24692.5
347,1174,4257.0,1,0.0,0.0,2025-06-01,2025-07-01,0.680472009855352,1,1.0,4257.0
347,1179,4160.0,1,0.0,0.0,2025-06-01,2025-07-01,0.680472009855352,1,1.0,4160.0
347,1181,3762.0,1,0.0,0.0,2025-06-01,2025-07-01,0.680472009855352,1,1.0,3762.0
347,1188,1900.0,1,0.0,0.0,2025-06-01,2025-07-01,0.680472009855352,1,1.0,1900.0
347,1241,1840.0,1,0.0,0.0,2025-06-01,2025-07-01,0.680472009855352,1,1.0,1840.0
347,1260,3264.0,1,0.0,0.0,2025-06-01,2025-07-01,0.680472009855352,1,1.0,3264.0
347,1266,6960.0,1,0.0,0.0,2025-06-01,2025-07-01,0.680472009855352,1,1.0,6960.0
347,1302,741.0,1,0.0,0.0,2025-06-01,2025-07-01,0.680472009855352,1,1.0,741.0
347,1363,1900.0,1,0.0,0.0,2025-06-01,2025-07-01,0.680472009855352,1,1.0,1900.0
347,1639,20718.75,1,0.0,0.0,2025-06-01,2025-07-01,0.680472009855352,1,1.0,20718.75
347,1973,6560.0,1,0.0,0.0,2025-06-01,2025-07-01,0.680472009855352,1,1.0,6560.0
347,2234,15800.0,1,0.0,0.0,2025-06-01,2025-07-01,0.680472009855352,1,1.0,15800.0
347,2247,5120.0,1,0.0,0.0,2025-06-01,2025-07-01,0.680472009855352,1,1.0,5120.0
347,2482,44000.0,1,0.0,0.0,2025-06-01,2025-07-01,0.680472009855352,1,1.0,44000.0
347,2686,62552.826,1,0.0,0.0,2025-06-01,2025-07-01,0.680472009855352,1,1.0,62552.826
347,4656,19436.0,1,0.0,0.0,2025-06-01,2025-07-01,0.680472009855352,1,1.0,19436.0
347,5112,37.0,1,0.0,0.0,2025-06-01,2025-07-01,0.680472009855352,1,1.0,37.0
347,5334,1725.0,1,0.0,0.0,2025-06-01,2025-07-01,0.680472009855352,1,1.0,1725.0
366,1633,3975.0,2,2.0,2.0,2025-06-01,2025-07-01,0.27,0,2.0,7950.0
421,1442,4400.0,10,15.0,15.0,2025-06-01,2025-07-01,0.17333333333333334,0,15.0,66000.0
421,1666,3712.0,10,15.0,10.0,2025-06-01,2025-07-01,0.3488119057956265,1,17.0,63104.0
421,5142,11520.0,8,10.0,10.0,2025-06-01,2025-07-01,0.14694355853594646,0,10.0,115200.0
421,5144,147.0,8,10.0,10.0,2025-06-01,2025-07-01,0.2062640020205847,0,10.0,1470.0
421,5531,189.0,2,0.0,0.0,2025-06-01,2025-07-01,0.6596987448227187,1,1.0,189.0
421,5533,124.6,2,0.0,0.0,2025-06-01,2025-07-01,0.6596987448227187,1,1.0,124.6
478,3033,43929.6,1,0.0,0.0,2025-06-01,2025-07-01,0.7682351894730767,1,1.0,43929.6
480,3153,5616.0,2,0.0,0.0,2025-06-01,2025-07-01,0.6262948954091102,1,1.0,5616.0
494,5148,15792.0,2,0.0,0.0,2025-06-01,2025-07-01,0.6538953874356445,1,1.0,15792.0
507,2564,11828.0,1,1.0,1.0,2025-06-01,2025-07-01,0.405,1,2.0,23656.0
507,3658,12252.24,3,0.0,0.0,2025-06-01,2025-07-01,0.7305620541023112,1,1.0,12252.24
509,1687,600.0,1,0.0,0.0,2025-06-01,2025-07-01,0.6738953874356445,1,1.0,600.0
529,1306,6376.0,6,0.0,0.0,2025-06-01,2025-07-01,0.6627325673257427,1,1.0,6376.0
532,1043,24692.5,5,5.0,5.0,2025-06-01,2025-07-01,0.37833333333333335,1,6.0,148155.0
532,1708,47088.0,5,2.0,2.0,2025-06-01,2025-07-01,0.17166666666666666,0,2.0,94176.0
532,1911,30982.5,10,0.0,0.0,2025-06-01,2025-07-01,0.6760990345549094,1,1.0,30982.5
532,1971,68427.62,10,0.0,0.0,2025-06-01,2025-07-01,0.6760990345549094,1,1.0,68427.62
532,2921,44460.0,10,5.0,5.0,2025-06-01,2025-07-01,0.3561697950024543,1,6.0,266760.0
532,2949,22221.0,10,5.0,5.0,2025-06-01,2025-07-01,0.35783646166912103,1,6.0,133326.0
532,3049,43500.0,4,1.0,1.0,2025-06-01,2025-07-01,0.6533333333333333,1,2.0,87000.0
532,3330,73350.0,7,1.0,1.0,2025-06-01,2025-07-01,0.605,1,2.0,146700.0
532,3609,72664.0,3,2.0,2.0,2025-06-01,2025-07-01,0.27,0,2.0,145328.0
532,4219,15552.0,5,0.0,0.0,2025-06-01,2025-07-01,0.6760990345549094,1,1.0,15552.0
532,5518,126.0,6,0.0,0.0,2025-06-01,2025-07-01,0.6760990345549094,1,1.0,126.0
532,5519,284.0,2,0.0,0.0,2025-06-01,2025-07-01,0.6760990345549094,1,1.0,284.0
532,5520,2500.0,1,0.0,0.0,2025-06-01,2025-07-01,0.6760990345549094,1,1.0,2500.0
641,1010,736.0,1,0.0,0.0,2025-06-01,2025-07-01,0.7569096817719845,1,1.0,736.0
641,1150,2900.0,1,0.0,0.0,2025-06-01,2025-07-01,0.7569096817719845,1,1.0,2900.0
641,1442,4400.0,3,0.0,0.0,2025-06-01,2025-07-01,0.7569096817719845,1,1.0,4400.0
641,1938,2780.0,1,0.0,0.0,2025-06-01,2025-07-01,0.7569096817719845,1,1.0,2780.0
641,3074,4928.0,2,0.0,0.0,2025-06-01,2025-07-01,0.7569096817719845,1,1.0,4928.0
641,5501,16.0,2,0.0,0.0,2025-06-01,2025-07-01,0.7569096817719845,1,1.0,16.0
652,1044,1384.0,10,14.666666666666666,4.0,2025-06-01,2025-07-01,0.4173995079734657,1,17.0,23528.0
652,1134,28714.0,4,1.3333333333333333,1.0,2025-06-01,2025-07-01,0.505,1,3.0,86142.0
652,1136,2552.0,5,2.0,1.0,2025-06-01,2025-07-01,0.5116666666666667,1,3.0,7656.0
652,1137,16075.0,30,32.333333333333336,32.0,2025-06-01,2025-07-01,0.39166666666666666,1,37.0,594775.0
652,1149,2410.0,2,6.5,10.0,2025-06-01,2025-07-01,0.48,1,11.0,26510.0
652,1150,2900.0,2,5.5,10.0,2025-06-01,2025-07-01,0.3883333333333333,1,11.0,31900.0
652,1151,2632.0,2,2.333333333333333,2.0,2025-06-01,2025-07-01,0.42470804490349046,1,4.0,10528.0
652,1166,11186.0,5,5.333333333333333,3.0,2025-06-01,2025-07-01,0.41,1,7.0,78302.0
652,1314,23562.0,1,3.333333333333333,2.0,2025-06-01,2025-07-01,0.5,1,5.0,117810.0
652,1405,2552.0,1,4.0,6.0,2025-06-01,2025-07-01,0.57,1,7.0,17864.0
652,1555,1795.0,15,17.0,6.0,2025-06-01,2025-07-01,0.45,1,19.0,34105.0
652,1556,2170.0,5,11.0,4.0,2025-06-01,2025-07-01,0.35573284130679905,1,13.0,28210.0
652,2026,53735.0,8,2.0,1.0,2025-06-01,2025-07-01,0.4066666666666667,1,3.0,161205.0
652,4994,41552.0,1,1.0,1.0,2025-06-01,2025-07-01,0.43,1,2.0,83104.0
676,2341,6171.0,10,4.333333333333333,6.0,2025-06-01,2025-07-01,0.345,1,7.0,43197.0
676,3975,2720.0,40,0.0,0.0,2025-06-01,2025-07-01,0.6988053431886854,1,1.0,2720.0
691,5499,12696.0,3,0.0,0.0,2025-06-01,2025-07-01,0.6150420356287953,1,1.0,12696.0
743,2159,10117.5,1,0.0,0.0,2025-06-01,2025-07-01,0.635333059352277,1,1.0,10117.5
743,4892,14737.6,1,0.0,0.0,2025-06-01,2025-07-01,0.635333059352277,1,1.0,14737.6
827,1113,883.5,2,0.0,0.0,2025-06-01,2025-07-01,0.6820894320898185,1,1.0,883.5
827,1161,6525.0,10,4.0,4.0,2025-06-01,2025-07-01,0.2633333333333333,0,4.0,26100.0
827,1175,3762.0,3,0.0,0.0,2025-06-01,2025-07-01,0.6820894320898185,1,1.0,3762.0
827,1181,3762.0,5,1.0,1.0,2025-06-01,2025-07-01,0.58,1,2.0,7524.0
827,1814,883.5,2,0.0,0.0,2025-06-01,2025-07-01,0.6820894320898185,1,1.0,883.5
827,1946,883.5,2,0.0,0.0,2025-06-01,2025-07-01,0.6820894320898185,1,1.0,883.5
827,2371,31450.0,1,0.0,0.0,2025-06-01,2025-07-01,0.6820894320898185,1,1.0,31450.0
864,1911,30982.5,2,2.0,3.0,2025-06-01,2025-07-01,0.44333333333333336,1,4.0,123930.0
875,1024,2351.2,1,4.666666666666667,10.0,2025-06-01,2025-07-01,0.44319429181929176,1,11.0,25863.199999999997
875,1043,24692.5,2,2.333333333333333,4.0,2025-06-01,2025-07-01,0.3333333333333333,1,5.0,123462.5
875,1102,2082.4,2,1.6666666666666667,1.0,2025-06-01,2025-07-01,0.52,1,3.0,6247.200000000001
875,1113,883.5,2,3.6666666666666665,2.0,2025-06-01,2025-07-01,0.3057890491085444,1,5.0,4417.5
875,1124,5354.0,2,2.333333333333333,1.0,2025-06-01,2025-07-01,0.465,1,4.0,21416.0
875,1125,57375.0,6,0.0,0.0,2025-06-01,2025-07-01,0.6923633280758409,1,1.0,57375.0
875,1126,21755.0,2,2.6666666666666665,2.0,2025-06-01,2025-07-01,0.43,1,4.0,87020.0
875,1140,1718.0,1,3.6666666666666665,4.0,2025-06-01,2025-07-01,0.38333333333333336,1,5.0,8590.0
875,1161,6525.0,25,20.0,23.0,2025-06-01,2025-07-01,0.4766666666666667,1,26.0,169650.0
875,1164,2070.0,3,1.6666666666666667,1.0,2025-06-01,2025-07-01,0.4512640020205847,1,3.0,6210.0
875,1175,3762.0,11,4.0,3.0,2025-06-01,2025-07-01,0.5016666666666667,1,5.0,18810.0
875,1216,5420.0,3,1.0,1.0,2025-06-01,2025-07-01,0.4641946707078361,1,2.0,10840.0
875,1217,2240.0,2,2.6666666666666665,1.0,2025-06-01,2025-07-01,0.6190661746401324,1,4.0,8960.0
875,1266,6960.0,13,13.333333333333334,6.0,2025-06-01,2025-07-01,0.44166666666666665,1,16.0,111360.0
875,1267,6120.0,9,4.333333333333333,5.0,2025-06-01,2025-07-01,0.375,1,6.0,36720.0
875,1276,6824.0,1,6.0,13.0,2025-06-01,2025-07-01,0.34,1,15.0,102360.0
875,1283,2880.0,1,5.666666666666667,4.0,2025-06-01,2025-07-01,0.3016666666666667,1,7.0,20160.0
875,1305,6104.0,6,9.666666666666666,4.0,2025-06-01,2025-07-01,0.22333333333333333,0,10.0,61040.0
875,1306,6376.0,20,3.0,3.0,2025-06-01,2025-07-01,0.4816666666666667,1,4.0,25504.0
875,1362,883.5,2,4.666666666666667,4.0,2025-06-01,2025-07-01,0.34203608771715693,1,6.0,5301.0
875,1378,1079.5,3,3.333333333333333,1.0,2025-06-01,2025-07-01,0.44134146797456536,1,5.0,5397.5
875,1396,12000.0,2,2.0,2.0,2025-06-01,2025-07-01,0.44666666666666666,1,3.0,36000.0
875,1502,8800.0,5,2.0,3.0,2025-06-01,2025-07-01,0.4298609584859584,1,4.0,35200.0
875,1532,3780.0,2,2.333333333333333,1.0,2025-06-01,2025-07-01,0.5033333333333333,1,4.0,15120.0
875,1557,9660.0,2,2.0,2.0,2025-06-01,2025-07-01,0.28953907424540304,1,3.0,28980.0
875,1558,204.0,2,0.0,0.0,2025-06-01,2025-07-01,0.6923633280758409,1,1.0,204.0
875,1651,15693.75,1,4.0,4.0,2025-06-01,2025-07-01,0.23833333333333334,0,4.0,62775.0
875,1701,3040.0,1,2.0,2.0,2025-06-01,2025-07-01,0.49833333333333335,1,3.0,9120.0
875,1720,63010.24,2,3.0,4.0,2025-06-01,2025-07-01,0.37,1,5.0,315051.2
875,1723,12300.0,1,1.0,1.0,2025-06-01,2025-07-01,0.669012889848695,1,2.0,24600.0
875,1759,29250.0,1,2.6666666666666665,2.0,2025-06-01,2025-07-01,0.4116666666666667,1,4.0,117000.0
875,1811,3068.0,1,0.0,0.0,2025-06-01,2025-07-01,0.6923633280758409,1,1.0,3068.0
875,1814,883.5,2,1.6666666666666667,1.0,2025-06-01,2025-07-01,0.5553694210504901,1,3.0,2650.5
875,1845,1260.0,6,9.666666666666666,16.0,2025-06-01,2025-07-01,0.36333333333333334,1,18.0,22680.0
875,1847,716.0,14,4.0,6.0,2025-06-01,2025-07-01,0.3986722737869274,1,7.0,5012.0
875,1938,2780.0,2,2.0,2.0,2025-06-01,2025-07-01,0.35126400202058466,1,3.0,8340.0
875,1960,15050.0,5,3.333333333333333,3.0,2025-06-01,2025-07-01,0.36,1,5.0,75250.0
875,1962,24692.5,1,4.333333333333333,7.0,2025-06-01,2025-07-01,0.24666666666666667,0,7.0,172847.5
875,1972,62532.8,1,2.0,2.0,2025-06-01,2025-07-01,0.395,1,3.0,187598.40000000002
875,1973,6560.0,4,19.33333333333333,3.0,2025-06-01,2025-07-01,0.425,1,22.0,144320.0
875,1974,29050.0,1,3.0,3.0,2025-06-01,2025-07-01,0.385,1,4.0,116200.0
875,1991,16020.0,3,1.6666666666666667,1.0,2025-06-01,2025-07-01,0.39,1,3.0,48060.0
875,2028,9222.5,2,2.6666666666666665,4.0,2025-06-01,2025-07-01,0.37666666666666665,1,5.0,46112.5
875,2041,43294.98,1,3.6666666666666665,1.0,2025-06-01,2025-07-01,0.3,1,5.0,216474.90000000002
875,2055,13918.0,3,1.0,1.0,2025-06-01,2025-07-01,0.45166666666666666,1,2.0,27836.0
875,2088,6480.0,1,2.6666666666666665,1.0,2025-06-01,2025-07-01,0.36977100524996587,1,4.0,25920.0
875,2106,27000.0,2,3.6666666666666665,4.0,2025-06-01,2025-07-01,0.315,1,5.0,135000.0
875,2212,10825.6,1,1.3333333333333333,1.0,2025-06-01,2025-07-01,0.4533333333333333,1,3.0,32476.800000000003
875,2217,11840.0,1,1.3333333333333333,1.0,2025-06-01,2025-07-01,0.41333333333333333,1,3.0,35520.0
875,2234,15800.0,2,3.0,7.0,2025-06-01,2025-07-01,0.41333333333333333,1,8.0,126400.0
875,2341,6171.0,2,3.0,2.0,2025-06-01,2025-07-01,0.3499944628912464,1,4.0,24684.0
875,2371,31450.0,1,3.0,3.0,2025-06-01,2025-07-01,0.4683333333333333,1,4.0,125800.0
875,2387,1260.0,10,5.666666666666667,10.0,2025-06-01,2025-07-01,0.5255724662548615,1,11.0,13860.0
875,2432,49385.0,2,1.3333333333333333,1.0,2025-06-01,2025-07-01,0.3416666666666667,1,3.0,148155.0
875,2433,52290.0,5,4.0,1.0,2025-06-01,2025-07-01,0.27666666666666667,0,4.0,209160.0
875,2501,5008.0,1,1.3333333333333333,1.0,2025-06-01,2025-07-01,0.5183333333333333,1,3.0,15024.0
875,2504,14620.0,1,1.5,1.0,2025-06-01,2025-07-01,0.41333333333333333,1,3.0,43860.0
875,2564,11828.0,2,3.0,1.0,2025-06-01,2025-07-01,0.45666666666666667,1,4.0,47312.0
875,2921,44460.0,9,1.3333333333333333,1.0,2025-06-01,2025-07-01,0.37333333333333335,1,3.0,133380.0
875,2949,22221.0,6,1.3333333333333333,1.0,2025-06-01,2025-07-01,0.41333333333333333,1,3.0,66663.0
875,2951,37457.3,2,5.333333333333333,2.0,2025-06-01,2025-07-01,0.38333333333333336,1,7.0,262201.10000000003
875,2991,13314.66,1,4.5,7.0,2025-06-01,2025-07-01,0.34833333333333333,1,8.0,106517.28
875,2992,12484.8,2,2.0,2.0,2025-06-01,2025-07-01,0.39,1,3.0,37454.399999999994
875,3033,43929.6,4,6.333333333333333,15.0,2025-06-01,2025-07-01,0.18166666666666667,0,15.0,658944.0
875,3050,14025.0,1,3.0,3.0,2025-06-01,2025-07-01,0.32666666666666666,1,4.0,56100.0
875,3065,5840.0,1,1.0,1.0,2025-06-01,2025-07-01,0.6897710052499658,1,2.0,11680.0
875,3107,70513.48,1,5.0,2.0,2025-06-01,2025-07-01,0.19666666666666666,0,5.0,352567.39999999997
875,3123,8664.0,10,5.0,12.0,2025-06-01,2025-07-01,0.2683333333333333,0,12.0,103968.0
875,3312,18119.0,1,1.0,1.0,2025-06-01,2025-07-01,0.47,1,2.0,36238.0
875,3375,8262.0,1,1.0,1.0,2025-06-01,2025-07-01,0.6483333333333333,1,2.0,16524.0
875,3491,15062.0,2,2.0,2.0,2025-06-01,2025-07-01,0.33,1,3.0,45186.0
875,3659,11531.52,3,6.0,4.0,2025-06-01,2025-07-01,0.31666666666666665,1,7.0,80720.64
875,3814,20382.0,2,2.5,2.0,2025-06-01,2025-07-01,0.29333333333333333,1,4.0,81528.0
875,3985,14298.0,1,2.333333333333333,1.0,2025-06-01,2025-07-01,0.25166666666666665,0,3.0,42894.0
875,4130,11352.0,2,7.333333333333333,12.0,2025-06-01,2025-07-01,0.3283333333333333,1,14.0,158928.0
875,4157,19131.4,1,2.0,2.0,2025-06-01,2025-07-01,0.43666666666666665,1,3.0,57394.200000000004
875,4181,379.1,1,0.0,0.0,2025-06-01,2025-07-01,0.6923633280758409,1,1.0,379.1
875,4210,25800.0,5,4.333333333333333,4.0,2025-06-01,2025-07-01,0.30833333333333335,1,6.0,154800.0
875,4332,8280.0,4,3.5,3.0,2025-06-01,2025-07-01,0.4066666666666667,1,5.0,41400.0
875,4356,9910.32,2,3.6666666666666665,2.0,2025-06-01,2025-07-01,0.29833333333333334,1,5.0,49551.6
875,4357,7410.0,2,0.0,0.0,2025-06-01,2025-07-01,0.6923633280758409,1,1.0,7410.0
875,4459,12420.0,1,0.0,0.0,2025-06-01,2025-07-01,0.6923633280758409,1,1.0,12420.0
875,4656,19436.0,4,5.5,1.0,2025-06-01,2025-07-01,0.15739950797346572,0,6.0,116616.0
875,4751,44460.0,1,1.0,1.0,2025-06-01,2025-07-01,0.44333333333333336,1,2.0,88920.0
875,5434,199.68,3,0.0,0.0,2025-06-01,2025-07-01,0.6923633280758409,1,1.0,199.68
875,5507,1720.0,30,0.0,0.0,2025-06-01,2025-07-01,0.6923633280758409,1,1.0,1720.0
881,5530,15200.0,3,0.0,0.0,2025-06-01,2025-07-01,0.6405620541023112,1,1.0,15200.0
891,4075,1350.0,1,0.0,0.0,2025-06-01,2025-07-01,0.6383753689621287,1,1.0,1350.0
902,5148,15792.0,2,0.0,0.0,2025-06-01,2025-07-01,0.6844755947087882,1,1.0,15792.0
916,1009,2800.0,4,5.666666666666667,6.0,2025-06-01,2025-07-01,0.4433000897377417,1,7.0,19600.0
916,1426,3300.0,50,23.33333333333333,40.0,2025-06-01,2025-07-01,0.24166666666666667,0,40.0,132000.0
916,2846,3360.0,5,3.0,3.0,2025-06-01,2025-07-01,0.3978531475226668,1,4.0,13440.0
916,4108,3837.32,5,1.0,1.0,2025-06-01,2025-07-01,0.43909331210749203,1,2.0,7674.64
923,1743,62177.5,2,2.0,2.0,2025-06-01,2025-07-01,0.13333333333333333,0,2.0,124355.0
929,1187,20720.0,1,0.0,0.0,2025-06-01,2025-07-01,0.6372287207689779,1,1.0,20720.0
934,3704,7566.0,25,30.0,30.0,2025-06-01,2025-07-01,0.19333333333333333,0,30.0,226980.0
934,3710,11388.0,20,8.333333333333334,15.0,2025-06-01,2025-07-01,0.38666666666666666,1,17.0,193596.0
934,3714,7800.0,25,13.333333333333334,15.0,2025-06-01,2025-07-01,0.5366666666666666,1,17.0,132600.0
934,4706,11280.0,40,18.33333333333333,25.0,2025-06-01,2025-07-01,0.26666666666666666,0,25.0,282000.0
934,4708,11700.0,20,13.333333333333334,20.0,2025-06-01,2025-07-01,0.2816666666666667,0,20.0,234000.0
943,2217,11840.0,1,0.0,0.0,2025-06-01,2025-07-01,0.7140496682947973,1,1.0,11840.0
943,5512,360.0,1,0.0,0.0,2025-06-01,2025-07-01,0.7140496682947973,1,1.0,360.0
967,3837,26316.0,4,0.0,0.0,2025-06-01,2025-07-01,0.6260659006590761,1,1.0,26316.0
976,2581,5619.2,1,0.0,0.0,2025-06-01,2025-07-01,0.7057799133130493,1,1.0,5619.2
999,1023,2183.2,30,15.0,10.0,2025-06-01,2025-07-01,0.22333333333333333,0,15.0,32747.999999999996
999,1253,1768.0,5,3.0,2.0,2025-06-01,2025-07-01,0.295,1,4.0,7072.0
